Name,Temp_1,Temp_2,Temp_3,Temp_4
Abelmoschus esculentus,20,30,12,35
Abelmoschus manihot,22,30,16,36
Abelmoschus moschatus,20,30,10,35
Acacia auriculiformis,24,32,10,40
Acacia farnesiana,20,32,7,42
Acacia holosericea,24,32,12,45
Adenanthera pavonina,22,28,12,36
Aeschynomene americana,22,30,7,35
Agathis australis,14,24,5,32
Agathis macrophylla,22,32,10,40
Agathis robusta,18,30,6,38
Agave sisalana,15,27,10,45
Albizia falcataria,22,31,17,40
Albizia lebbeck,26,36,12,48
Albizia procera,20,33,10,45
Albizia stipulata,22,34,4,43
Aleurites fordii,17,22,10,28
Aleurites moluccana,18,28,14,32
Aleurites montana,25,30,18,34
Allium ampeloprasum,18,24,6,27
Allium cepa,12,25,4,30
Allium fistulosum,12,25,6,30
Allium sativum,18,30,7,35
Alstonia scholaris,22,28,12,36
Amaranthus cruentus,22,28,10,45
Amaranthus sp.,19,30,7,45
Amorphophallus paeoniifolius,28,35,25,40
Anacardium occidentale,15,35,5,46
Ananas comosus,21,30,10,36
Annona muricata,20,30,13,36
Annona reticulata,23,27,7,34
Annona squamosa,23,30,11,41
Anthocephalus chinensis,22,35,15,42
Apium graveolens,15,21,5,25
Apium graveolens var. dulce,18,25,4,28
Araucaria cunninghamii,18,28,5,34
Areca catechu,16,33,7,39
Artocarpus heterophyllus,20,30,16,34
Asparagus officinalis,15,30,6,38
Asystasia gangetica,23,28,8,37
Avena sativa,16,20,5,30
Averrhoa bilimbi,23,30,10,36
Averrhoa carambola,24,30,5,39
Axonopus compressus,23,30,16,35
Bambusa vulgaris,22,28,9,32
Barringtonia racemosa,160,28,12,38
Basella alba,23,27,10,35
Basella rubra,23,27,10,35
Bauhinia variegata,12,38,5,47
Benincasa hispida,24,30,12,37
Beta vulgaris,15,25,4,35
Bidens pilosa,17,32,10,38
Bixa orellana,20,28,15,36
Bothriochloa bladhii,15,28,5,33
Brachiaria brizantha,25,35,15,38
Brachiaria decumbens,25,35,19,38
Brachiaria humidicola,32,35,20,45
Brachiaria miliiformis,24,30,10,35
Brachiaria mutica,21,30,15,46
Brachiaria ruziziensis,25,33,19,40
Brachychiton populneus,25,32,13,38
Brassica chinensis,12,22,8,34
Brassica juncea,15,28,7,40
Brassica napus,15,25,5,41
Brassica nigra,10,25,5,27
Allium cepa var. cepa,12,25,4,30
Brassica oleracea var. botrytis,10,25,5,30
Brassica oleracea var. capitata,15,24,7,32
Brassica oleracea var. gemmifera,12,20,7,25
Brassica oleracea var. italica,15,24,3,35
Broussonetia papyrifera,15,28,12,38
Cajanus cajan,18,38,10,45
Calophyllum inophyllum,28,35,10,42
Allium tuberosum,10,20,2,35
Calopogonium caeruleum,18,25,10,32
Calopogonium mucunoides,24,32,18,36
Camellia sinensis,20,30,8,35
Campnosperma brevipetiolata,28,34,16,38
Cananga odorata,20,30,16,34
Canarium indicum,22,28,10,34
Canavalia ensiformis,20,28,14,36
Canna indica,12,32,14,24
Capsicum annuum,17,30,8,35
Capsicum frutescens,18,30,7,40
Carica papaya,21,30,12,44
Casimiroa edulis,18,26,14,31
Cassia alata,23,29,12,33
Cassia fistula,18,30,4,48
Cassia occidentalis,22,28,9,32
Castilla elastica,23,30,15,34
Casuarina equisetifolia,20,35,10,40
Casuarina oligodon,22,28,10,32
Catharanthus roseus,20,30,10,34
Cedrela odorata,22,32,11,39
Ceiba pentandra,17,38,12,40
Celosia argentea,25,30,20,40
Cenchrus ciliaris,22,37,5,42
Centrosema pubescens,20,30,13,35
Chloris gayana,20,37,5,50
Chloris virgata,25,30,10,35
Chromolaena odorata,20,35,16,38
Chrysophyllum cainito,22,28,12,35
Chrysopogon aciculatus,22,28,15,35
Cichorium endivia,15,23,5,30
Cichorium intybus,10,30,6,35
Cinchona pubescens,17,25,9,28
Cinnamomum camphora,18,26,12,30
Cinnamomum verum,24,30,18,36
Citrullus lanatus,20,35,15,40
Citrus aurantium,25,30,12,42
Citrus grandis,23,32,12,40
Citrus limon,15,28,12,36
Citrus medica,21,27,12,35
Citrus paradisi,18,32,13,42
Citrus reticulata,23,34,12,38
Citrus sinensis,20,30,13,38
Citrus sp.,23,30,13,42
Clitoria ternatea,19,28,15,32
Coccoloba uvifera,21,26,10,32
Cocos nucifera,22,34,14,38
Coffea arabica,14,28,10,34
Coffea canephora,20,30,12,36
Coffea liberica,24,30,18,36
Coleus amboinicus,22,28,10,36
Colocasia esculenta,21,28,10,35
Cordia alliodora,24,32,16,36
Coriandrum sativum,15,25,4,32
Crotalaria juncea,20,30,4,40
Crotalaria pallida,22,30,13,34
Allium schoenoprasum,10,20,2,35
Cucumis melo,18,30,9,35
Cucumis sativus,18,32,6,38
Cucurbita maxima,20,30,9,38
Cucurbita moschata,20,30,10,40
Cucurbita pepo,17,30,6,40
Curcuma longa,20,28,18,32
Cyamopsis tetragonoloba,25,35,10,45
Cymbopogon citratus,24,30,18,34
Cymbopogon flexuosus,22,30,13,34
Cynara scolymus,15,25,5,30
Cynodon dactylon,17,35,6,40
Cyperus rotundus,24,32,10,45
Cyphomandra betacea,16,22,10,30
Dactyloctenium aegyptium,21,28,10,32
Daucus carota,15,24,3,30
Delonix regia,22,35,6,39
Dendrocalamus giganteus,20,27,15,34
Derris elliptica,24,30,20,36
Actinidia chinensis,21,30,8,35
Desmodium heterophyllum,23,28,12,35
Desmodium incanum,25,32,7,36
Desmodium intortum,25,33,7,36
Desmodium triflorum,18,28,14,32
Desmodium uncinatum,25,32,15,34
Dichanthium annulatum,22,30,7,40
Dichanthium aristatum,22,30,5,35
Dichanthium caricosum,32,35,12,40
Digitaria didactyla,25,35,15,42
Digitaria eriantha ssp. eriantha,24,35,10,41
Digitaria decumbens,28,32,6,35
Dillenia indica,30,40,7,47
Dioscorea alata,20,32,14,40
Dioscorea bulbifera,20,30,12,38
Dioscorea esculenta,28,32,17,45
Dioscorea rotundata,25,32,15,38
Diospyros kaki,20,31,8,35
Dodonaea viscosa,18,38,7,45
Durio zibethinus,22,40,12,45
Echinochloa colona,22,30,6,42
Echinochloa crus-galli,17,30,2,40
Elaeis guineensis,20,35,12,38
Elettaria cardamomum,22,30,10,35
Eleusine indica,20,26,6,35
Emilia sonchifolia,20,30,10,40
Eriobotrya japonica,21,27,9,36
Erythrina fusca,16,24,12,32
Erythrina variegata,17,27,10,34
Eucalyptus camaldulensis,12,28,7,40
Eucalyptus deglupta,24,32,16,38
Eucalyptus grandis,24,35,7,40
Eucalyptus papuana,20,28,10,46
Eucalyptus robusta,16,32,5,36
Eucalyptus saligna,15,32,4,36
Eucalyptus tereticornis,18,38,4,42
Syzygium cumini,20,32,12,48
Syzygium malaccense,22,28,16,33
Excoecaria agallocha,20,30,15,37
Feijoa sellowiana,20,28,12,32
Ficus carica,16,26,4,38
Ficus elastica,20,30,10,36
Allium cepa var. aggregatum,20,25,10,30
Flemingia macrophylla,22,28,12,36
Foeniculum vulgare,15,25,6,32
Fortunella japonica,26,35,12,40
Fragaria x ananassa,11,24,6,28
Garcinia mangostana,20,30,15,40
Garcinia xanthochymus,22,28,16,36
Gliricidia sepium,15,30,12,44
Glycine max,20,33,10,38
Gmelina arborea,22,34,16,46
Gossypium barbadense,22,32,15,38
Gossypium hirsutum,22,36,15,42
Grevillea robusta,15,28,8,34
Helianthus annuus,17,34,5,45
Helianthus tuberosus,15,27,7,30
Hemarthria altissima,31,35,7,38
Heritiera littoralis,20,30,10,35
Heteropogon contortus,28,34,20,38
Hevea brasiliensis,24,33,10,45
Hibiscus cannabinus,15,28,10,35
Hibiscus sabdariffa,16,32,10,36
Hibiscus syriacus,15,28,11,41
Hibiscus tiliaceus,22,32,10,36
Hordeum vulgare,15,20,2,40
Imperata cylindrica,25,35,20,40
Indigofera spicata,22,30,13,36
Inga edulis,23,30,18,35
Intsia bijuga,22,28,12,34
Ipomoea aquatica,15,35,10,40
Ipomoea batatas,18,28,10,38
Ischaemum muticum,22,28,17,35
Ischaemum rugosum,22,28,10,35
Ischaemum timorense,22,28,10,35
Jatropha curcas,11,28,7,36
Lablab purpureus,18,32,3,38
Lactuca sativa var. capitata,12,21,5,30
Lagenaria siceraria,19,27,12,38
Lagerstroemia flos-reginae,18,35,6,43
Laurus nobilis,17,25,8,30
Lawsonia inermis,19,27,13,33
Lespedeza cuneata,16,26,6,36
Leucaena leucocephala,20,32,10,42
Litchi chinensis,20,35,15,40
Lolium perenne,14,25,4,35
Lolium rigidum,10,25,5,30
Lotononis bainesii,14,32,8,35
Luffa acutangula,20,32,15,38
Lycopersicon esculentum,20,27,7,35
Macadamia integrifolia,10,26,8,35
Macadamia tetraphylla,14,28,8,38
Macaranga tanarius,20,30,15,35
Macroptilium atropurpureum,21,32,13,36
Macroptilium lathyroides,25,30,15,35
Macrotyloma axillare,20,28,11,36
Macrotyloma uniflorum,20,28,17,35
Malpighia glabra,24,30,5,34
Malus domestica,14,27,8,33
Malus sylvestris,10,30,6,35
Mammea americana,24,30,12,35
Mangifera indica,24,30,8,48
Manihot esculenta,20,29,10,35
Medicago sativa,21,27,5,45
Melaleuca leucadendron,28,37,18,40
Melaleuca quinquenervia,18,30,8,38
Melaleuca symphyocarpa,22,37,14,42
Melicoccus bijugatus,22,30,13,34
Melinis minutiflora,22,30,8,36
Mentha arvensis var. piperascens,10,25,3,30
Metroxylon sagu,25,36,18,40
Microstegium ciliatum,23,27,10,35
Mimosa pudica,22,28,10,32
Monochoria vaginalis,22,35,13,38
Morinda citrifolia,24,30,12,36
Morus alba,20,28,13,45
Muntingia calabura,22,32,10,36
Musa textilis,20,29,16,33
Myristica fragrans,22,34,12,38
Nasturtium officinale,12,17,6,32
Nauclea diderrichii,28,34,22,38
Nephelium lappaceum,21,35,10,42
Nicotiana tabacum,15,30,7,35
Nypa fruticans,23,27,20,35
Ocimum basilicum,18,27,7,36
Olea europaea,20,34,5,40
Oryza sativa,20,30,10,36
Pachyrhizus erosus,20,30,15,36
Panicum antidotale,18,25,9,31
Panicum coloratum,17,26,8,35
Panicum maximum,19,30,6,35
Parkinsonia aculeata,24,32,16,36
Paspalum dilatatum,20,30,13,36
Paspalum plicatulum,10,23,7,45
Paspalum scrobiculatum,25,27,5,33
Passiflora edulis,20,30,18,34
Passiflora edulis var. flavicarpa,25,32,15,36
Passiflora laurifolia,22,30,12,36
Passiflora mollissima,15,18,8,30
Passiflora quadrangularis,18,30,12,35
Pastinaca sativa,15,21,5,25
Pennisetum clandestinum,16,26,5,31
Pennisetum polystachyon,32,35,12,40
Pennisetum purpureum,21,40,15,45
Persea americana,14,40,10,45
Petroselinum crispum,11,20,7,28
Phaseolus coccineus,12,26,5,30
Phaseolus lunatus,16,28,13,34
Phaseolus vulgaris,16,25,7,32
Phoenix dactylifera,26,45,10,52
Phragmites karka,22,30,10,35
Physalis peruviana,16,25,10,32
Pimenta dioica,15,32,10,35
Pinus caribaea,22,34,16,40
Pinus merkusii,24,32,18,36
Pinus michoacana,20,28,9,32
Pinus oocarpa,16,30,10,34
Pinus patula,18,29,10,33
Pinus pseudostrobus,18,26,9,32
Pinus radiata,18,30,7,34
Pinus taeda,20,25,10,29
Piper betle,22,27,17,31
Piper methysticum,22,35,14,40
Piper nigrum,22,35,10,40
Pisum sativum,10,24,4,30
Pogostemon cablin,23,28,16,32
Pongamia pinnata,16,40,10,50
Portulaca oleracea,18,32,7,36
Prosopis alba,10,20,7,28
Prunus persica,20,33,7,35
Psidium cattleianum,22,28,9,32
Psidium guajava,20,33,10,45
Psophocarpus tetragonolobus,18,30,14,40
Pterocarpus indicus,24,32,12,37
Pueraria lobata,18,28,9,32
Pueraria phaseoloides,15,30,12,35
Punica granatum,23,32,8,40
Pyrus communis,20,35,10,37
Raphanus sativus,12,26,10,37
Rhizophora mangle,20,30,10,38
Rhizophora mucronata,20,28,15,32
Rhizophora stylosa,22,34,12,44
Ricinus communis,20,30,15,39
Rubus idaeus ssp. idaeus,17,23,5,28
Rubus sp.,14,20,3,28
Saccharum edule,20,30,12,38
Saccharum officinarum,24,37,15,41
Saccharum robustum,24,30,15,38
Saccharum spontaneum,25,35,17,40
Samanea saman,20,35,15,40
Secale cereale,15,20,3,31
Sechium edule,19,30,12,40
Sesamum indicum,20,30,10,40
Sesbania grandiflora,24,34,16,40
Setaria sphacelata  var. sericea,22,30,16,36
Setaria sphacelata var. splendida,22,30,16,36
Solanum americanum,20,35,15,40
Solanum melongena,20,35,9,40
Solanum nigrum,21,28,8,40
Solanum quitoense,15,25,10,30
Solanum torvum,17,29,12,35
Solanum tuberosum,15,25,7,30
Sonneratia caseolaris,20,30,10,38
Sorghum bicolor var. sweet,27,35,8,40
Sorghum halepense,24,32,15,36
Sorghum X almum,19,26,15,35
Spathodea campanulata,27,30,23,34
Spinacia oleracea,13,20,2,27
Spondias cytherea,22,27,12,35
Spondias mombin,21,27,13,35
Stenotaphrum secundatum,18,30,10,34
Stylosanthes hamata,22,28,15,35
Stylosanthes viscosa,22,30,16,36
Swietenia macrophylla,20,30,11,39
Swietenia mahogani,24,32,16,36
Tabebuia rosea,22,30,17,34
Tamarindus indica,20,35,12,45
Tecoma stans,15,25,10,35
Tectona grandis,22,32,14,43
Tephrosia candida,20,30,14,34
Tephrosia vogelii,20,28,10,32
Terminalia brassii,28,34,20,38
Terminalia calamansanai,28,34,18,38
Terminalia catappa,21,32,10,36
Terminalia superba,22,30,18,36
Themeda australis,15,25,4,35
Themeda triandra,22,28,15,35
Theobroma cacao,21,32,10,38
Thespesia populnea,20,30,10,35
Tithonia diversifolia,15,31,12,38
Toona australis,18,28,8,36
Trema orientalis,15,27,8,34
Mentha piperita,15,25,4,35
Trichosanthes cucumerina,22,35,14,38
Trifolium pratense,18,25,4,40
Trifolium repens,14,22,4,26
Trifolium semipilosum,16,27,5,32
Trifolium usambarense,15,28,12,32
Triticum aestivum,15,23,5,27
Ullucus tuberosus,12,20,5,28
Urena lobata,21,27,18,32
Vanilla planifolia,21,30,10,33
Vetiveria zizanioides,22,35,12,45
Vicia faba,18,28,5,32
Vigna angularis,15,30,5,36
Vigna mungo,22,35,8,40
Vigna radiata,21,36,8,40
Vigna umbellata,18,30,10,40
Vigna unguiculata,25,35,15,40
Vitis vinifera,18,30,10,38
Xanthosoma sagittifolium,20,28,10,35
Zea mays,18,33,10,47
Zingiber officinale,19,29,13,35
Amaranthus caudatus,21,28,7,40
Amaranthus dubius,22,30,12,45
Amaranthus lividus,21,27,18,32
Amaranthus tricolor,22,30,8,45
Anethum graveolens,15,18,6,26
Annona cherimola,17,25,7,32
Annona diversifolia,20,26,16,31
Annona purpurea,22,30,17,35
Antidesma bunius,23,27,17,33
Arachis hypogaea,22,32,10,45
Blighia sapida,24,27,20,34
Brassica oleracea var. gongyloides,12,18,5,25
Canavalia gladiata,15,30,12,36
Canna edulis,20,30,9,32
Carya illinoensis,15,35,5,40
Castanea sativa,15,25,7,30
Castanospermum australe,20,32,10,41
Citrus aurantifolia,26,32,13,38
Corylus avellana,10,24,5,35
Diospyros digyna,20,27,12,34
Syzygium javanicum,23,28,16,33
Fagopyrum esculentum,17,27,7,40
Flacourtia indica,22,40,10,48
Fortunella margarita,26,37,12,40
Fragaria vesca,12,20,5,28
Garcinia dulcis,22,30,16,38
Bactris gasipaes,18,28,12,35
Juglans regia,15,30,7,40
Lansium domesticum,20,35,12,40
Manilkara achras,20,34,11,42
Maranta arundinacea,23,29,17,34
Melissa officinalis,14,25,6,30
Monochoria hastata,25,35,16,38
Moringa oleifera,20,35,7,48
Morus nigra,15,25,10,38
Mucuna pruriens var utilis,20,30,10,35
Nasturtium schlechteri,15,28,10,35
Nelumbo nucifera,25,30,10,40
Nephelium mutabile,26,32,18,38
Ocimum americanum,22,30,10,35
Oenanthe javanica,10,30,4,32
Origanum majorana,20,26,10,30
Origanum vulgare,17,28,4,32
Oxalis tuberosa,12,24,5,28
Parinari nonda,26,37,14,42
Passiflora ligularis,22,26,16,31
Pistacia vera,25,35,12,40
Polyscias verticillata,22,34,14,38
Pouteria campechiana,20,26,16,30
Prunus amygdalus,12,35,10,40
Prunus armeniaca,14,35,7,40
Rungia klossii,12,17,12,29
Salvia officinalis,15,26,5,30
Sambucus nigra,12,22,5,30
Sterculia foetida,18,32,16,36
Talinum triangulare,22,30,15,36
Thymus vulgaris,16,25,4,30
Tragopogon porrifolius,13,19,2,24
Tropaeolum tuberosum,12,20,4,24
Ximenia americana,14,30,10,36
Rheum rhaponticum,15,24,5,30
Eugenia aromatica,24,34,20,38
Annona cherimola x Annona squamosa,24,28,12,32
Pangium edule,22,28,18,32
Brosimum alicastrum,18,25,12,35
Beta vulgaris var. cicla,15,25,5,35
Luffa cylindrica,23,27,10,38
Cicer arietinum,15,29,7,35
Musa sp.,22,32,13,38
Alocasia macrorrhizos,20,25,10,32
Eleocharis dulcis,23,29,15,34
Bruguiera gymnorrhiza,20,26,15,30
Avicennia officinalis,25,34,15,38
Musa balbisiana,23,28,16,38
Coffea excelsa,13,26,9,32
Chenopodium quinoa,14,18,2,35
Carthamus tinctorius,20,32,5,45
Phaseolus acutifolius,20,30,8,38
Lupinus angustifolius,12,18,4,26
Vigna aconitifolia,24,32,13,45
Phaseolus polyanthus,14,24,10,28
Indigofera hirsuta,22,30,13,34
Solanum muricatum,15,25,10,30
Agropyron intermedium,15,20,5,36
Pinus palustris,22,31,10,35
Pinus pinaster,18,30,6,34
Pinus ponderosa,15,24,4,28
Abies balsamea,10,18,4,26
Abies concolor,10,18,5,22
Abies pindrow,16,24,2,32
Abroma augustum,26,31,18,36
Acacia acradenia,24,34,8,42
Acacia acuminata,17,28,6,38
Acacia ammobia,24,36,10,43
Acacia ampliceps,14,36,5,46
Acacia ancistrocarpa,22,34,10,46
Acacia aneura,20,34,8,46
Acacia anticeps,18,28,8,36
Acacia argyrodendron,22,32,10,40
Acacia ataxacantha,22,35,10,45
Acacia aulacocarpa,18,32,12,43
Acacia bidwillii,22,32,10,40
Acacia brachystachya,20,40,4,58
Acacia brassii,22,30,12,38
Acacia burrowii,18,30,8,40
Acacia calcicola,22,32,8,42
Acacia cambagei,20,30,5,40
Acacia catechu,25,35,7,48
Acacia cincinnata,22,32,10,39
Acacia coriacea,24,32,10,43
Acacia cowleana,24,35,12,45
Acacia crassicarpa,24,32,15,39
Acacia cyclops,18,26,5,35
Acacia dealbata,15,26,6,32
Acacia dictyophleba,22,30,8,38
Acacia difficilis,22,35,13,42
Acacia erioloba,15,35,10,45
Acacia falciformis,18,32,7,40
Acacia fasciculifera,18,32,10,40
Acacia flavescens,22,34,11,38
Acacia glaucocaesia,14,30,5,36
Acacia glaucocarpa,18,35,8,40
Acacia harpophylla,18,28,7,40
Acacia irrorata,18,32,10,39
Acacia jennerae,12,30,5,36
Acacia jensenii,12,30,5,36
Acacia julifera ssp. gilbertensis,24,35,12,41
Acacia julifera ssp. julifera,20,32,10,38
Acacia karroo,19,33,12,40
Acacia laeta,24,32,14,45
Acacia latzii,22,35,10,44
Acacia leptocarpa,22,33,10,39
Acacia leucophloea,22,32,12,38
Acacia ligulata,18,33,8,42
Acacia macdonnelliensis,24,33,8,42
Acacia maconochieana,24,36,10,42
Acacia maidenii,17,32,10,38
Acacia mangium,22,34,12,38
Acacia mearnsii,18,30,5,35
Acacia melanoxylon,18,22,4,30
Acacia millifera,22,32,12,40
Acacia monticola,20,32,12,42
Acacia murrayana,12,34,5,42
Acacia neriifolia,22,32,8,39
Acacia nilotica,19,34,10,50
Acacia oraria,22,32,14,38
Acacia pachyacra,12,30,5,38
Acacia parchcarpa,25,37,10,45
Acacia pendula,20,30,4,34
Acacia plectocarpa,22,35,12,44
Acacia podalyriifolia,18,32,10,40
Acacia polystachya,24,32,15,38
Acacia pruinocarpa,22,35,8,43
Acacia pycnantha,20,28,5,35
Acacia rothii,24,34,15,40
Acacia salicina,24,30,6,36
Acacia saligna,20,32,5,36
Acacia senegal,24,32,14,48
Acacia seyal,24,32,15,45
Acacia shirleyi,18,36,10,43
Acacia silvestris,15,25,8,33
Acacia simsii,22,32,10,40
Acacia stenophylla,18,32,5,42
Acacia synchronicia,18,28,5,36
Acacia tephrina,22,38,10,43
Acacia tortilis,28,45,10,50
Acacia torulosa,22,36,12,43
Acacia trachycarpa,22,32,8,45
Acacia tumida,22,36,12,42
Acacia victoriae,12,32,5,38
Acacia xiphohylla,24,36,12,45
Acanthosicyos naudinianus,15,30,12,32
Acanthus ilicifolius,18,26,15,32
Acanthus mollis,15,30,10,38
Acca sellowiana,18,21,12,28
Acehmea magdalenae,24,30,12,36
Acer caesium,15,21,7,30
Acer saccharum,14,24,4,28
Achnatherum splendens,8,15,3,20
Acmena smithii,18,28,8,36
Acorus calamus,18,26,4,30
Acrocarpus fraxinifolius,28,35,12,38
Acroceras macrum,16,26,12,30
Acrocomia aculeata,25,35,20,45
Acrocomia totai,22,28,18,34
Actinidia arguta,12,25,5,30
Adansonia digitata,26,36,14,42
Adansonia grandidieri,22,30,8,35
Adansonia gregorii,24,34,13,42
Adina cordifolia,25,35,5,47
Adonis vernalis,14,30,10,36
Aegiceras corniculatum,18,26,7,35
Aegle marmelos,30,42,5,49
Aeschynomene falcata,20,25,5,35
Aeschynomene indica,18,30,10,35
Aesculus indica,23,26,6,30
Aframomum corrorima,16,24,7,35
Aframomum melegueta,21,28,10,34
Afzelia africana,20,32,10,40
Afzelia quanzensis,18,28,14,36
Agathis dammara,28,34,12,38
Agathis labillardieri,24,32,12,40
Agathis microstachya,22,30,10,36
Agave cantala,17,30,10,38
Agave fourcroydes,15,30,10,40
Agave lecheguilla,15,25,10,30
Agropyron cristatum,15,25,5,45
Agropyron dasystachyum,15,25,2,35
Agropyron desertorum,15,20,5,45
Agropyron elongatum,12,20,2,25
Agropyron mongolicum,12,20,3,45
Agropyron repens,10,20,4,45
Agropyron riparium,10,18,2,32
Agropyron sibiricum,15,20,5,45
Agropyron smithii,7,20,2,45
Agropyron spicatum,12,20,2,24
Agropyron tauri,15,20,5,25
Agropyron trachycaulum,13,22,3,26
Agropyron trichophorum,15,20,5,25
Agrostis canina,9,20,2,45
Agrostis gigantea,12,21,2,32
Agrostis tenuis,10,20,3,45
Agrostis trinii,8,15,3,45
Ailanthus altissima,14,28,6,40
Ailanthus excelsa,20,40,4,47
Ailanthus grandis,30,38,4,42
Albizia adianthifolia,22,28,15,34
Albizia chevalieri,24,30,18,35
Albizia chinensis,22,32,15,45
Albizia lophantha,18,26,10,32
Albizia lucida,20,34,6,42
Albizia odoratissima,24,37,5,48
Albizia pullenii,24,30,20,34
Albizia toona,22,32,12,37
Allium chinense,15,26,8,35
Alnus acuminata,15,28,4,34
Alnus japonica,18,32,4,36
Alnus nepalensis,15,28,4,36
Alnus rubra,17,32,4,45
Aloe arborescens,18,26,9,38
Aloe barbadensis,19,27,10,35
Aloe ferox,18,26,10,30
Aloe perryi,22,27,12,31
Alopecurus arundinaceus,9,18,2,15
Alopecurus geniculatus,10,15,6,22
Alopecurus pratensis,9,22,2,32
Aloysia triphylla,18,28,14,33
Alpinia galanga,27,32,20,36
Alpinia officinarum,19,27,15,36
Altingia excelsa,20,32,10,40
Alysicarpus rugosus,22,30,18,36
Alysicarpus vaginalis,22,30,15,35
Amaranthus hybridus,12,30,8,35
Amaranthus hypochondriacus,19,23,10,32
Aronia alnifolia,15,20,5,25
Ammandra natalia,21,26,17,30
Ammophila arenaria,9,20,2,25
Ammophila breviligulata,9,18,2,25
Andropogon gayanus,22,28,16,32
Andropogon gerardii var. gerardii,10,20,3,28
Andropogon hallii,10,20,4,30
Angelica archangelica,5,19,2,22
Angophora costata,18,28,10,38
Angophora floribunda,18,30,7,41
Anisoptera scaphula,20,33,15,38
Annona atemoya,24,28,12,32
Annona montana,16,26,14,32
Annona scleroderma,23,26,8,32
Annona senegalensis,17,30,14,38
Anogeissus acuminata,22,32,10,43
Anogeissus latifolia,22,33,7,47
Anogeissus pendula,25,35,4,48
Anthemis nobilis,15,26,3,30
Anthephora pubescens,16,28,12,36
Anthocephalus macrophyllus,20,32,15,43
Anthocleista nobilis,22,30,14,35
Anthriscus cerefolium,7,21,4,25
Anthyllis vulneraria,14,20,6,25
Apios americana,10,20,8,30
Apium graveolens var. rapaceum,15,25,7,26
Aquilaria malaccensis,18,24,12,34
Arachis glabrata,20,28,12,35
Arachis pintoi,22,28,12,30
Araucaria angustifolia,18,23,9,27
Araucaria bidwillii,18,28,7,36
Araucaria hunsteinii,24,32,12,35
Archidendron jiringa,20,30,12,40
Archontophoenix cunningham,20,28,6,36
Arenga pinnata,22,28,16,32
Argania sideroxylon,20,30,10,35
Argyrodendron actinophyllum,18,28,8,36
Argyrodendron peralatum,20,30,15,38
Aristida adscensionis,18,28,5,35
Aristida ciliata,20,26,5,30
Aristida lanata,20,26,5,30
Aristida latifolia,22,30,10,42
Aristida obtusa,20,26,5,30
Aristida pennata,20,26,5,30
Aristida plumosa,20,26,5,30
Aristida pungens,20,26,5,30
Aristida raddiana,20,26,5,30
Armoracia rusticana,14,20,6,28
Arnica montana,8,15,5,25
Arracacia xanthorrhiza,14,21,10,28
Arrhenatherum elatius,14,25,3,30
Artemisia abrotanum,11,22,4,26
Artemisia afra,22,30,12,35
Artemisia annua,13,29,10,35
Artemisia dracunculus,12,22,4,26
Artocarpus altilis,21,33,16,40
Artocarpus chaplasha,22,32,10,40
Artocarpus hirsutus,22,32,16,38
Artocarpus integer,22,38,16,47
Artocarpus lakoocha,22,32,8,47
Arundinaria pusilla,16,28,6,32
Arundinella hirta,17,30,5,45
Asclepias tuberosa,14,24,12,30
Asparagus densiflorus,21,27,15,32
Astragalus cicer,14,25,7,30
Astragalus gummifer,15,22,7,28
Astragalus sinicus,15,25,10,28
Astrebla elymoides,25,32,15,42
Astrebla lappacea,25,32,15,42
Astrebla pectinata,23,30,15,35
Astrebla squarrosa,25,32,15,42
Astrocaryum jauari,24,28,20,32
Astrocaryum vulgare,20,28,18,30
Atalaya hemiglauca,18,39,8,44
Atherosperma moschatum,14,20,7,24
Athrotaxis selaginoides,15,22,5,28
Atriplex canescens,12,17,5,33
Atriplex confertifolia,12,30,5,50
Atriplex gardneri,12,17,5,33
Atriplex glauca,16,28,5,36
Atriplex halimus,16,28,5,36
Atriplex hortensis,12,28,3,36
Atriplex lentiformis,12,24,5,35
Atriplex nummularia,16,28,3,36
Atriplex vesicaria,16,28,6,36
Attalea cohune,22,28,15,32
Attalea funifera,22,25,18,30
Aucoumea klaineana,28,36,20,40
Avena byzantina,18,24,2,36
Avena fatau,12,20,2,30
Avena nuda,16,22,8,30
Avena sterilis,12,32,2,36
Avicennia germinans,20,30,10,35
Avicennia marina,20,34,8,39
Axonopus affinis,27,32,13,36
Axonopus scoparius,18,28,5,34
Azadirachta indica,26,40,14,46
Azanza garckeana,15,30,10,38
Azolla pinnata,20,35,15,40
Baccaurea motleyana,24,28,18,34
Baccaurea racemosa,21,28,14,34
Baccaurea ramiflora,24,28,18,34
Balanites aegyptiaca,20,35,15,41
Bambusa arundinacea,22,30,8,36
Bambusa balcooa,22,28,9,35
Bambusa blumeana,18,32,8,37
Bambusa longispiculata,22,28,9,35
Bambusa nutans,22,28,9,32
Bambusa polymorpha,22,28,9,32
Bambusa tulda,22,28,9,32
Banksia integrifolia,18,32,10,37
Baphia nitida,24,30,16,32
Bassia latifolia,20,30,8,47
Bauhinia esculenta,24,30,16,32
Bauhinia racemosa,24,36,5,47
Bauhinia rufescens,30,40,20,46
Beckmannia eruciformis,11,20,7,34
Beckmannia syzigachne,9,20,2,24
Berchemia discolor,14,30,10,38
Berrya cordifolia,26,32,20,34
Bertholletia excelsa,20,36,12,40
Beta vulgaris var. crassa,15,25,5,30
Beta vulgaris var. flavescens,20,30,15,35
Betula pubescens,10,18,6,26
Boehmeria nivea,17,27,10,34
Boesenbergia rotunda,18,30,12,35
Bombacopsis quinata,21,32,16,36
Bombax ceiba,28,42,5,49
Bombax insigne,30,35,10,43
Borago officinalis,15,22,4,26
Borassus flabellifer,24,32,16,36
Borojoa patinoi,20,28,15,32
Boswellia serrata,33,42,7,47
Bothriochloa insculpta,15,25,7,30
Bothriochloa pertusa,14,27,4,31
Bougainvillea glabra,18,25,10,38
Bouteloua curtipendula,13,22,4,26
Bouteloua gracilis,12,27,2,32
Brachiaria dura,30,35,10,43
Brachiaria radicans,22,28,5,35
Brachiaria ramosa,17,26,9,32
Brachychiton acerifolius,26,32,10,36
Brachystegia spiciformis,14,28,10,35
Brassica campestris,17,30,5,41
Brassica carinata,10,25,5,35
Brassica napus var. napobrassica,14,24,5,35
Brassica oleracea var. acephala,15,22,7,30
Brassica rapa Gaisin gr.,20,25,10,30
Brassica rapa Pak Choi,20,25,10,32
Brassica rapa var. rapifera,10,17,7,30
Bridelia micrantha,18,28,15,38
Bromus carinatus,10,18,2,22
Bromus inermis,12,25,2,45
Bromus marginatus,10,21,2,26
Bromus tomentellus,12,19,2,23
Bromus unioloides,14,24,5,28
Buchanania latifolia,32,42,5,48
Buchloe dactyloides,17,25,3,32
Buckinghamia celsissima,22,32,12,37
Bursera simaruba,18,28,8,36
Butea monosperma,20,38,10,48
Butomus umbellatus,15,24,12,35
Butyrospermum paradoxum ssp. parkii,29,38,18,43
Caesalpinia coriaria,18,30,11,36
Caesalpinia sappan,22,28,18,34
Calamagrostis epigeios,8,27,3,35
Calamus caesius,23,30,16,34
Calamus erinaceus,24,32,20,37
Calamus peregrinus,22,30,17,35
Calathea allouia,22,31,16,35
Calendula officinalis,16,26,8,30
Calliandra calothyrsus,22,30,18,34
Callitris columellaris,24,34,8,37
Callitris endlicheri,18,32,10,40
Callitris glauca,22,30,9,35
Callitris macleayana,20,28,5,34
Callitris preissii var. Murray,16,33,3,37
Callitris preissii ssp. preissii,20,28,5,32
Callitris preissii var. verrucosa,22,35,3,40
Calophyllum apetalum,30,35,12,38
Calophyllum brasiliense,20,30,15,38
Calophyllum elatum,28,33,16,38
Calophyllum peekelii,20,30,10,38
Calotropis procera,15,30,10,40
Caltha palustris,14,23,2,27
Camellia sinensis var. assamica,20,30,12,35
Camellia sinensis var. sinensis,20,30,8,35
Campanula rapunculus,12,18,5,24
Canarium ovatum,22,34,12,40
Cannabis sativa ssp. indica,15,28,6,32
Capparis decidua,30,42,5,48
Capparis spinosa,13,27,10,31
Capparis tomentosa,24,34,16,40
Capsicum baccatum var. pendulum,20,26,15,32
Capsicum chinense,20,26,15,32
Capsicum pubescens,15,24,7,32
Caragana intermedia,15,30,5,55
Caragana korshinskii,15,30,5,50
Caragana microphylla,15,30,5,55
Carallia lucida,22,32,5,43
Carapa guianensis,20,30,15,38
Cardwellia sublimis F.Muell,22,30,10,38
Carica pubescens,17,22,10,28
Cariniaria pyriformis,25,30,18,34
Carissa carandas,23,30,16,34
Carissa edulis,20,35,10,39
Carissa macrocarpa,23,28,10,34
Carludovica palmata,24,32,12,37
Carpinus betulus,10,20,6,35
Carum carvi,16,20,7,26
Caryocar nuciferum,21,28,10,35
Caryodendron orinocense,20,29,12,35
Caryota urens,24,32,18,38
Cassia auriculata,22,30,8,38
Cassia brewsteri,22,35,12,40
Cassia rotundifolia,20,28,10,36
Cassia senna,22,28,12,32
Cassia siamea,23,33,13,48
Cassia tomentosa,10,20,8,30
Castanea crenata,17,28,12,30
Castanea dentata,15,19,10,30
Castanea mollissima,15,26,10,30
Castanea pumila,15,25,12,30
Casuarina campestris,18,30,8,36
Casuarina cristata,24,34,8,40
Casuarina cunninghamiana,20,36,8,42
Casuarina decaisneana,20,35,10,47
Casuarina dielsiana,22,32,10,38
Casuarina fraseriana,18,28,7,34
Casuarina glauca,20,30,5,34
Casuarina huegeliana,22,35,6,40
Casuarina junghuhniana,20,28,13,32
Casuarina littoralis,18,28,8,36
Casuarina luehmannii,25,35,10,40
Casuarina obesa,20,34,8,41
Casuarina stricta,18,25,8,32
Casuarina torulosa,20,30,8,35
Catha edulis,18,24,7,32
Cedrus deodara,22,32,4,38
Cenchrus biflorus,28,35,11,45
Cenchrus pennisetiformis,26,32,10,45
Cenchrus setigerus,28,35,15,40
Centrosema acutifolium,22,28,12,35
Centrosema macrocarpum,22,28,10,35
Centrosema pascuorum,22,32,10,40
Centrosema virginianum,22,30,15,35
Cephaelis ipecacuanha,23,27,19,32
Ceratonia siliqua,20,32,10,39
Ceratopetalum apetalum,20,28,5,34
Ceriops decandra,22,28,15,32
Ceriops tagal,20,30,10,38
Chamaedorea sp.,22,32,10,40
Chamaedorea tepejilote,20,28,15,32
Chamaerops humilis,18,30,8,36
Chenopodium album ssp. album,12,18,3,31
Chenopodium ambrosioides,15,22,4,31
Chenopodium pallidicaule,10,16,5,28
Chlorogalum pomeridianum,14,28,12,32
Chlorophora excelsa,18,33,12,36
Chloroxylon swietenia,30,40,10,47
Chrysanthemum coccineum,12,20,3,28
Chrysanthemum coronarium var. coronarium,12,18,7,25
Chrysophyllum albidum,18,28,12,34
Chrysopogon plumulosus,30,35,20,40
Chukrasia velutina,25,35,10,42
Cinchona calisaya,17,24,7,28
Cinchona ledgeriana,17,24,7,28
Cinchona officinalis,14,23,7,27
Cinnamomum burmannii,20,28,11,34
Cinnamomum cassia,15,32,10,38
Cinnamomum loureirii,20,30,17,34
Citrofortunella x microcarpa,15,28,8,38
Citrullus colocynthis,23,32,14,40
Citrus deliciosa,22,26,13,32
Citrus latifolia,20,28,12,32
Citrus madurensis,22,28,8,36
Citrus unshiu,18,28,12,34
Clausena lansium,22,30,12,35
Cleistogenes chinensis,16,27,5,35
Cleistogenes squarrosa,9,28,3,38
Cleistopholis glauca,28,36,20,39
Clinelymus dahuricus,18,28,8,38
Clitoria laurifolia,21,28,17,34
Cnicus benedictus,18,26,7,32
Cnidoscolus chayamansa,20,32,12,38
Cochlospermum religiosum,30,42,5,47
Cola acuminata,23,28,18,32
Cola nitida,21,30,10,35
Colchicum autumnale,10,20,6,24
Coleus parviflorus,18,28,6,36
Colocasia esculenta var. antiquorum,19,25,5,30
Colophospermum mopane,26,36,12,50
Combretum aculeatum,20,30,15,45
Combretum micranthum,22,35,10,45
Commiphora africana,23,33,18,40
Conocarpus erectus,20,30,10,38
Conocarpus lancifolius,22,38,15,50
Copaifera langsdorfii,20,27,0,0
Corchorus capsularis,20,37,13,45
Cordeauxia edulis,25,30,20,38
Cordia africana,25,30,5,34
Cornus canadensis,10,18,6,24
Coronilla varia,15,28,10,40
Corylus colurna var. colurna,16,28,5,37
Corylus maxima,20,27,5,35
Cotylelobium burckii,22,34,12,38
Cotylelobium lanceolatum,19,34,8,38
Cotylelobium melanoxylon,22,34,12,38
Coula edulis,25,35,20,40
Crambe abyssinica,15,25,10,35
Crambe cordifolia,15,24,12,36
Crambe maritima,14,24,4,28
Crocus sativus,7,19,4,23
Crotalaria brevides var. brevides,16,26,12,30
Crotalaria lanceolata,20,28,9,32
Crotalaria spectabilis,21,28,9,32
Cryptocarya erythroxylon,18,28,6,34
Cryptomeria japonica,15,23,5,30
Cryptotaenia japonica,15,27,10,30
Cucumis anguria,21,28,8,32
Cucurbita ficifolia,15,21,6,35
Cucurbita foetidissima,20,30,5,35
Cucurbita mixta,16,28,10,38
Cullenia rosayroana,30,35,13,40
Cuminum cyminum,17,26,9,30
Cunninghamia lanceolata,20,27,5,30
Cupressus arizonica,18,35,4,38
Cupressus lusitanica,16,32,6,36
Cupressus macrocarpa,20,32,6,36
Cupressus torulosa,20,32,5,45
Curcuma zedoaria,22,27,14,32
Cybistax donnellsmithii,22,28,17,34
Cydonia oblonga,10,30,7,35
Cymbopogon martini var. motia,24,30,18,34
Cymbopogon nardus var. lenabatu,20,30,16,36
Cymbopogon martini var. sofia,24,30,20,34
Cymbopogon nardus var. mahapengiri,22,30,16,36
Cynara cardunculus,14,28,7,38
Cynodon nlemfuensis,18,24,10,35
Cynodon plectostachyus,20,27,13,36
Cynometra cauliflora,22,35,17,40
Cyperus esculentus,14,26,4,30
Cyperus longus,14,32,10,45
Cytisus proliferus,18,23,10,28
Dacrydium franklinii,14,26,10,30
Dacryodes edulis,14,35,18,28
Dactylis glomerata,12,26,5,31
Dactylis glomerata ssp. hispanica,16,25,5,30
Dactyloctenium giganteum,22,30,2,42
Dalbergia latifolia,16,35,5,48
Dalbergia sissoo,26,40,5,50
Dendrocalamus asper,20,27,15,34
Dendrocalamus hamiltonii,20,29,15,34
Dendrocalamus longispathus,20,27,15,34
Dendrocalamus merrillianus,22,28,15,34
Dendrocalamus strictus,20,27,16,32
Dendrolobium umbellatum,22,34,13,40
Derris indica,22,32,3,50
Derris malaccensis,22,30,20,34
Desmanthus virgatus,25,32,15,36
Desmodium cinereum,22,30,18,32
Desmodium gyroides,18,28,10,34
Desmodium ovalifolium,14,24,4,34
Desmodium sandwicense,25,33,5,37
Desmodium velutinum,20,26,18,32
Deyeuxia angustifolia,16,26,6,35
Dialium guineense,21,25,15,30
Dichanthium sericeum,15,28,10,32
Dichrostachys cinerea,15,40,10,50
Digitalis lanata,18,26,7,30
Digitalis purpurea,11,17,3,24
Digitaria exilis,22,27,18,31
Digitaria milanjiana,22,28,8,35
Dillenia aurea,30,40,7,47
Dillenia pentagyna,30,42,7,47
Dimocarpus longan var. longan,18,30,7,36
Dimocarpus longan var. malesianus,25,30,18,38
Dioscorea cayenensis,20,32,12,40
Dioscorea composita,25,30,15,38
Dioscorea dumetorum,25,32,15,40
Dioscorea floribunda,25,30,15,38
Dioscorea opposita,21,30,11,36
Dioscorea trifida,18,26,10,36
Diospyros malabarica,25,35,10,40
Diospyros melanoxylon,25,35,8,48
Diospyros mespiliformis,16,27,12,34
Diospyros virginiana,19,25,10,28
Diplachne fusca,22,28,15,35
Diploglottis cunninghamii,18,28,8,36
Dipterocarpus alatus,22,32,10,36
Dipterocarpus costatus,21,31,10,38
Dipterocarpus gracilis,24,32,10,40
Dipterocarpus indicus,22,30,13,38
Dipterocarpus macrocarpus,22,30,5,38
Dipterocarpus turbinatus,24,32,10,40
Dipteryx odorata,22,30,16,34
Dobera glabra,20,35,15,45
Dodonaea viscosa ssp. angustifolia,18,38,7,45
Doryphora sassafras,18,28,8,34
Dovyalis caffra,20,28,10,35
Dovyalis hebecarpa,22,28,12,35
Duboisia myoporoides,20,30,10,36
Dysoxylum fraseranum,20,28,8,34
Echinochloa frumentacea,25,30,10,35
Echinochloa polystachya,22,28,14,32
Echinochloa pyramidalis,22,28,18,32
Echinochloa turneriana,22,30,15,35
Echinochloa utilis,15,25,10,35
Ehrharta calycina,12,16,8,20
Eichhornia crassipes,20,35,10,40
Elaeagnus angustifolia,20,32,5,36
Elaeis oleifera,20,30,14,34
Eleusine africana,18,27,7,35
Eleusine coracana ssp. coracana,18,30,8,35
Elymus canadensis,10,22,2,27
Elymus cinereus,10,18,2,22
Elymus condensatus,18,22,2,18
Elymus glaucus,9,15,2,19
Endiandra palmerstonii,22,28,10,34
Ensete ventricosum,16,24,8,30
Entada abyssinica,20,28,15,35
Enterolobium cyclocarpum,23,28,18,36
Entolasia imbricata,20,28,8,35
Eragrostis chloromelas,17,25,6,31
Eragrostis cilianensis,22,30,5,40
Eragrostis curvula,17,32,7,38
Eragrostis lehmanniana,17,25,7,31
Eragrostis pilosa,18,30,5,36
Eragrostis superba,22,28,10,35
Eragrostis tef,22,28,2,30
Eragrostis tremula,22,28,3,35
Eragrostis trichodes,16,24,7,31
Eremochloa ophiuroides,20,32,10,36
Eriochloa punctata,22,28,12,33
Eruca sativa,15,25,8,29
Erythrina abyssinica,16,26,10,30
Erythrina edulis,15,22,5,25
Erythrina poeppigiana,22,28,16,36
Erythrina vespertilio,20,35,10,45
Erythrophleum chlorostahys,22,28,13,43
Eucalyptus accedens,18,28,8,40
Eucalyptus agglomerata,18,28,8,37
Eucalyptus albens,18,30,8,40
Eucalyptus astringens,18,28,8,40
Eucalyptus bosistoana,17,26,8,35
Eucalyptus botryoides,22,29,5,35
Eucalyptus brassiana,22,33,10,38
Eucalyptus brevifolia,24,38,14,45
Eucalyptus brockwayi,25,34,4,40
Eucalyptus calophylla,18,26,8,36
Eucalyptus citriodora,22,32,12,40
Eucalyptus cladocalyx,23,32,6,35
Eucalyptus cloeziana,22,32,8,37
Eucalyptus consideniana,15,27,8,33
Eucalyptus cornuta,17,27,10,35
Eucalyptus crebra,26,36,9,40
Eucalyptus dalrympleana,17,28,4,34
Eucalyptus delegatensis,17,25,4,30
Eucalyptus diversicolor,18,28,8,36
Eucalyptus dumosa,18,28,8,39
Eucalyptus elata,15,28,8,33
Eucalyptus eugenioides,18,28,8,38
Eucalyptus exserta,20,30,10,44
Eucalyptus fastigata,16,28,3,32
Eucalyptus fraxinoides,15,28,8,36
Eucalyptus globulus var. bicostata,25,32,5,38
Eucalyptus globulus ssp. globulus,14,23,6,30
Eucalyptus globulus ssp. maidenii,22,30,8,35
Eucalyptus globulus var. pseudoglobulus,24,27,5,30
Eucalyptus gomphocephala,24,32,7,36
Eucalyptus gongylocarpa,20,38,8,44
Eucalyptus guilfoylei,18,26,10,32
Eucalyptus gummifera,18,32,10,40
Eucalyptus intermedia,18,28,8,38
Eucalyptus intertexta,28,38,10,42
Eucalyptus jacksonii,15,25,8,33
Eucalyptus jensenii,22,34,13,43
Eucalyptus johnstonii,12,18,5,26
Eucalyptus largiflorens,27,36,8,40
Eucalyptus leucoxylon,18,30,8,38
Eucalyptus longifolia,18,26,8,33
Eucalyptus loxophleba,20,32,8,42
Eucalyptus maculata,23,32,4,36
Eucalyptus marginata,17,27,8,37
Eucalyptus melliodora,24,33,4,36
Eucalyptus microcarpa,18,30,8,40
Eucalyptus microcorys,24,34,9,38
Eucalyptus microtheca,24,39,5,45
Eucalyptus moluccana,18,28,10,38
Eucalyptus muelleriana,15,25,8,34
Eucalyptus nesophila,22,32,15,44
Eucalyptus nigra,20,28,12,38
Eucalyptus nitens,14,26,4,30
Eucalyptus obliqua,18,30,4,34
Eucalyptus occidentalis,26,36,5,40
Eucalyptus ochrophloia,20,37,10,42
Eucalyptus odontocarpa,22,38,12,43
Eucalyptus oreades,17,25,8,35
Eucalyptus oxymitra,20,33,10,38
Eucalyptus paniculata,23,31,5,34
Eucalyptus patens,18,28,8,37
Eucalyptus pauciflora,15,27,5,32
Eucalyptus pellita,24,34,10,38
Eucalyptus phoenicea,22,35,13,45
Eucalyptus pilularis,18,28,8,38
Eucalyptus planchoniana,18,28,8,36
Eucalyptus polyanthemos,16,28,7,38
Eucalyptus polycarpa,20,29,10,44
Eucalyptus populnea,20,34,10,43
Eucalyptus propinqua,16,33,7,37
Eucalyptus pulchella,15,22,7,30
Eucalyptus punctata,18,28,8,40
Eucalyptus quadrangulata,17,27,8,36
Eucalyptus radiata ssp. radiata,15,28,5,36
Eucalyptus radiata ssp. robusta,15,25,5,36
Eucalyptus regnans,12,25,7,31
Eucalyptus resinifera,16,34,6,38
Eucalyptus rudis,20,32,8,42
Eucalyptus salmonophloia,28,36,8,40
Eucalyptus salubris,20,34,8,43
Eucalyptus sargentii,29,36,7,40
Eucalyptus sideroxylon,25,34,8,40
Eucalyptus sieberi,22,27,8,35
Eucalyptus smithii,20,28,8,36
Eucalyptus socialis,18,36,8,41
Eucalyptus st.-johnii,16,27,5,31
Eucalyptus subcrenulata,10,15,5,21
Eucalyptus tessellaris,20,34,10,43
Eucalyptus tetrodonta,22,30,12,45
Eucalyptus thozetiana,22,35,10,43
Eucalyptus torelliana,27,38,10,42
Eucalyptus transcontientalis,20,30,8,42
Eucalyptus trivalvis,22,38,12,45
Eucalyptus umbra ssp. carnea,18,26,8,38
Eucalyptus umbra ssp. umbra,18,28,10,42
Eucalyptus urophylla,18,28,8,34
Eucalyptus viminalis,18,32,4,35
Eucalyptus wandoo,18,30,8,41
Eucryphia lucida,12,22,5,26
Eugenia dombeyi,21,32,15,38
Eugenia gustavioides,28,32,13,38
Eugenia suborbiculare,24,38,12,44
Eugenia uniflora,21,27,12,32
Eugenia uvalha,20,26,15,30
Euphorbia tirucalli,25,37,12,41
Euterpe chaunostachys,23,30,18,34
Euterpe edulis,18,23,14,30
Euterpe oleracea,22,28,16,32
Exotheca abyssinica,17,25,3,30
Fagopyrum emarginatum,15,28,7,37
Fagopyrum tataricum,15,25,5,30
Fagraea fragrans,20,30,10,36
Fagus grandifolia,13,22,5,28
Fagus sylvatica ssp. sylvatica,10,20,6,35
Faidherbia albida,18,30,12,13
Festuca arundinacea,15,22,5,30
Festuca idahoensis,10,18,2,22
Festuca longifolia,14,24,5,28
Festuca pratensis,11,19,4,24
Festuca rubra var. commutata,10,18,2,22
Festuca rubra var. rubra,12,18,4,22
Fibraurea tinctoria,22,32,10,37
Ficus abutilifolia,18,25,14,30
Ficus auriculata,15,25,12,32
Ficus benghalensis,26,36,9,40
Ficus glumosa,22,36,15,42
Ficus macrophylla,18,28,10,34
Ficus subcordata,22,30,15,39
Ficus sycomorus,18,36,12,44
Ficus vogelii,22,30,15,35
Flindersia bourjotiana,20,30,10,38
Flindersia brayleyana,20,30,10,38
Flindersia pimenteliana,20,30,10,38
Fortunella hindsii,26,37,12,40
Fragaria chiloensis,11,18,5,27
Fragaria virginiana,11,18,5,27
Frangula alnus,18,24,7,35
Fraxinus excelsior,8,20,5,33
Furcraea gigantea var. willemettiana,23,30,16,34
Garcinia multiflora,21,28,15,36
Garuga pinnata,30,42,7,47
Geissois benthamiana,18,28,8,34
Genipa americana,24,31,12,35
Genista tinctoria,14,20,6,26
Gleditsia triacanthos,26,38,6,40
Gluta travancorica,26,29,18,34
Glyceria fluitans,14,26,10,32
Glycyrrhiza glabra,14,25,5,30
Glycyrrhiza lepidota,10,17,4,23
Gmelina leichhardtii,26,30,10,36
Gossypium arboreum,26,36,18,38
Gossypium herbaceum,26,36,18,38
Gracilaria tenuistipitata,20,30,5,35
Gracilaria verrucosa,20,25,5,30
Grevillea parallella,22,35,10,46
Grewia asiatica,23,34,10,44
Grewia bicolor,20,28,15,35
Grewia tiliifolia,30,42,7,47
Guaiacum officinale,22,28,20,34
Guaiacum sanctum,22,28,20,34
Guazuma ulmifolia,22,32,10,36
Guizotia abyssinica,18,26,11,34
Gunnera tinctoria,15,25,10,30
Gynandropsis gynandra,18,25,10,35
Hagenia abyssinica,25,32,5,36
Haloxylon aphyllum,25,40,8,50
Hardwickia binata,16,38,5,46
Harungana madagascariensis,20,28,12,36
Hedysarum carnosum,15,25,5,30
Hedysarum coronarium,14,28,3,35
Hedysarum flexuosum,15,25,5,30
Hedysarum pallidum,15,25,5,30
Hedysarum spinosissimum,15,25,5,30
Hemarthria japonica,17,28,7,38
Hibiscus sabdariffa var. altissima,16,28,12,36
Hibiscus sabdariffa var. sabdariffa,24,32,10,36
Hierochloe odorata,18,26,5,45
Hieronyma chocoensis,24,34,20,38
Hilaria jamesii,12,17,3,21
Hilaria mutica,19,26,10,30
Hippophae rhamnoides,8,20,4,39
Hippophae salicifolia,8,18,4,25
Hopea odorata,26,36,10,41
Hopea parviflora,26,33,8,27
Hopea utilis,24,33,10,38
Hopea wightiana,27,35,12,40
Hordeum brevisubulatum,17,28,5,38
Hordeum bulbosum,13,23,3,35
Humulus lupulus,15,19,8,35
Hydnocarpus alpina,30,35,10,40
Hydnocarpus kurzii,28,34,7,42
Hydnocarpus laurifolia,30,37,13,43
Hymenachne acutigluma,20,28,10,35
Hymenaea courbaril,20,30,16,36
Hymenodictyon excelsum,22,33,5,47
Hyoscyamus niger,10,18,6,28
Hyparrhenia hirta,20,32,10,40
Hyparrhenia rufa,20,27,11,32
Hyphaene thebaica,26,36,10,45
Hyssopus officinalis,10,24,7,36
Ilex dipyrena,20,27,5,31
Ilex paraguariensis,17,26,12,30
Indigofera arrecta,22,30,16,36
Indigofera tinctoria,22,28,7,32
Inga feuillei,22,28,18,33
Inga vera,18,28,15,35
Irvingia gabonensis,25,32,20,38
Ischaemum ciliare,30,35,20,40
Ischaemum magnum,29,35,20,45
Iseilema laxum,24,34,20,40
Iseilema membranaceum,30,40,20,45
Ixophorus unisetus,20,24,15,30
Jacaranda copaia,24,38,14,42
Jacaranda mimosifolia,20,34,10,38
Jessenia bataua,21,28,17,32
Juglans hindsii,14,14,8,20
Juglans nigra,13,28,2,36
Juglans sieboldiana,15,28,5,36
Juniperus procera,18,30,7,55
Justicia adhatoda,20,27,12,32
Kerstingiella geocarpa,18,34,12,38
Khaya senegalensis,29,38,13,42
Koeleria cristata,8,15,3,20
Lactuca indica,22,34,10,40
Lagerstroemia lanceolata,18,35,10,45
Lagerstroemia parviflora,20,35,4,47
Lagerstroemia tomentosa,26,36,10,43
Laguncularia racemosa,20,30,10,38
Lamium album,12,20,7,28
Lannea coromandelica,32,40,8,47
Larix decidua,8,22,5,30
Lasiurus hirsutus,23,30,8,48
Lathyrus cicera,10,18,4,22
Lathyrus hirsutus,17,25,4,30
Lathyrus ochrus,10,18,4,22
Lathyrus sativus,10,28,4,32
Lavandula angustifolia,15,24,7,28
Lavandula dentata,15,24,7,28
Lavandula intermedia,17,26,10,30
Lavandula latifolia,18,26,14,32
Leersia hexandra,27,33,11,36
Lemna minor,7,25,5,30
Lemuropisum edule,22,30,14,38
Lens culinaris,15,29,5,32
Lepidium meyenii,12,18,3,22
Lepidium sativum,14,21,3,28
Leptochloa fusca,15,30,9,40
Lespedeza stipulacea,14,24,6,30
Lespedeza striata,16,26,6,36
Lesquerella fendleri,11,18,8,25
Leucaena diversifolia,18,30,8,36
Levisticum officinale,12,18,6,22
Licuala ramsayi,22,32,13,36
Limnanthes alba,8,16,4,20
Linum usitatissimum,16,24,5,30
Liquidambar styraciflua,20,34,5,38
Livistona australis,20,28,8,34
Lolium multiflorum,14,30,2,38
Lonchocarpus nicou,23,32,15,41
Lophostemon suaveolens,22,33,12,38
Lotus corniculatus,15,25,3,30
Lotus creticus,12,30,8,35
Lotus edulis,15,24,4,28
Lotus halophilus,15,24,4,28
Lotus tenuis,15,23,4,38
Lotus uliginosus,15,24,3,28
Loudetia simplex,22,28,15,35
Lumnitzera littorea,22,28,10,32
Lumnitzera racemosa,22,28,15,32
Lupinus albus,18,24,6,32
Lupinus cosentinii,20,28,15,32
Lupinus luteus,18,24,6,30
Lupinus mutabilis,18,24,6,30
Lupinus pilosus,12,18,6,26
Lycium chinense,13,25,8,32
Maesopsis eminii,22,28,16,36
Majorana hortensis,20,26,10,30
Mallotus philippensis,25,34,7,45
Malva moschata,14,28,10,32
Manilkara zapota,20,34,11,42
Marrubium vulgare,17,24,7,30
Matricaria recutita,19,25,6,30
Mauritia flexuosa,22,30,18,34
Medicago arabica,15,28,4,32
Medicago falcata,15,24,2,37
Medicago intertexta,15,20,4,25
Medicago laciniata,15,20,4,25
Medicago littoralis,15,20,4,35
Medicago lupulina,14,25,3,30
Medicago minima,15,20,4,25
Medicago orbicularis,14,24,11,28
Medicago polymorpha,15,25,4,30
Medicago rigidula,15,20,4,25
Medicago rugosa,15,20,4,25
Medicago scutellata,18,26,9,30
Medicago tornata,15,20,4,25
Medicago truncatula,20,25,8,35
Medicago turbinata,15,20,4,25
Medicago varia,15,23,2,35
Melaleuca arcana,22,32,18,38
Melaleuca bracteata,22,34,10,43
Melaleuca cajuputi,22,32,16,38
Melaleuca dealbata,31,37,10,40
Melaleuca lanceolata,18,32,8,43
Melaleuca nervosa,22,38,14,43
Melaleuca viridiflora,22,38,12,43
Melia azedarach,16,30,8,35
Melia azedarach var. australasica,18,32,10,37
Melia compostia,30,42,7,47
Melilotus indica,15,25,4,28
Melilotus officinalis,12,24,5,28
Melilotus suaveolens,10,17,5,24
Melocalamus compactiflorus,20,29,15,34
Melocanna baccifera,20,33,15,38
Mentha pulegium,13,22,6,27
Mentha spicata var. crispa,15,25,4,36
Mesua ferrea,30,35,4,45
Michelia champaca,30,37,10,47
Michelia doltsopa,30,37,5,45
Mikania cordata,22,28,13,38
Miliusa velutina,30,42,7,47
Mimosa pigra,15,30,8,38
Momordica charantia,22,30,15,38
Momordica cochinchinensis,20,30,14,35
Monstera deliciosa,28,34,18,38
Morus rubra,19,25,12,32
Mucuna pruriens,20,30,10,34
Murraya koenigii,27,41,8,47
Musa acuminata,23,33,12,42
Musa acuminata x balbisiana,25,35,15,40
Musa halabanensis,24,30,15,35
Musa salaccensis,24,30,15,35
Musanga cecropioides,28,36,20,40
Myrciaria cauliflora,22,28,10,32
Myroxylon balsamum,22,28,16,32
Myroxylon balsamum var. perei.,22,30,16,36
Myrsine africana,22,30,5,35
Myrtus communis,15,24,10,28
Nauclea orientalis,30,40,15,45
Neofabricia myrtifolia,22,34,16,38
Neoglazovia variegata,18,30,14,36
Neohouzeaua dullooa,20,29,15,34
Nepeta cataria,7,19,4,26
Neptunia prostrata,25,35,15,38
Nicotiana rustica,15,30,10,40
Nigella sativa,14,26,5,30
Nothofagus cunninghamii,16,24,5,32
Nothofagus moorei,18,25,8,32
Nuphar advena,14,30,10,36
Nuphar lutea,18,28,12,35
Ochroma pyramidale,18,35,15,38
Ocimum tenuiflorum,20,28,15,35
Octomeles sumatrana,29,34,20,38
Olea africana,22,28,15,35
Olea capensis,14,18,10,30
Olea cuspidata,24,32,5,45
Oncosperma tigillarium,20,30,10,35
Onobrychis scrobiculata,18,27,4,32
Onobrychis viciifolia,18,27,4,34
Opuntia ficus-indica,18,26,10,30
Orbignya cohume,25,30,20,34
Orbignya oleifera,25,30,20,34
Origanum onites,15,25,6,32
Ornithopus roseus,16,26,4,30
Ornithopus sativus,15,20,11,24
Oryza glaberrima,26,32,16,38
Oryza sativa ssp. indica,25,35,16,38
Oryza sativa ssp. javanica,23,35,16,38
Oryzopsis holciformis,9,16,4,20
Oryzopsis miliacea,16,25,8,29
Oxytenanthera nigrociliata,20,29,15,34
Pachystela msolo,16,31,12,38
Palaquium gutta,24,30,17,38
Panax ginseng,12,20,8,27
Panax quinquefolium,12,20,8,27
Pandanus julianettii,13,24,6,30
Panicum coloratum var. makarikariense,26,32,20,35
Panicum maximum var. trichoglume,25,32,20,38
Panicum miliaceum,20,32,15,45
Panicum obtusum,16,25,10,33
Panicum repens,18,26,13,35
Panicum sumatrense,22,27,15,45
Panicum turgidum,25,35,8,40
Panicum virgatum,17,32,6,36
Panicum whitei,25,35,20,40
Papaver bracteatum,12,20,3,24
Papaver somniferum,15,24,3,28
Parinari curatellifolia,14,30,10,36
Parkia biglobosa,28,40,8,44
Parkia speciosa,20,28,16,36
Parthenium argentatum,20,34,8,49
Paspalum distichum,20,30,15,36
Paspalum nicorae,16,23,8,30
Paspalum notatum,18,30,5,36
Paspalum plicatulum var. glabrum,19,30,6,40
Paspalum urvillei,6,23,2,33
Paspalum wettsteinii,15,25,12,30
Passiflora edulis var. edulis,23,28,15,32
Paullinia cupana,24,32,18,38
Paulownia tomentosa,24,30,15,34
Peltandra virginica,12,24,8,32
Peltophorum pterocarpum,27,36,10,40
Pennisetum glaucum,25,35,12,40
Pennisetum pedicellatum,30,35,20,40
Pentaclethra macrophylla,24,30,18,34
Pericopsis elata,26,35,20,40
Pericopsis mooniana,26,34,20,38
Perilla frutescens,5,30,0,0
Persoonia falcata,22,38,12,41
Petalostigma pubescens,20,37,12,42
Phalaris aquatica,12,18,7,24
Phalaris arundinacea,17,25,2,38
Phalaris canariensis,10,18,6,25
Phalaris coerulescens,14,19,9,25
Phleum pratense,15,22,2,26
Phoenix reclinata,20,30,15,35
Phoenix sylvestris,25,35,20,40
Phormium tenax,13,25,9,30
Phragmites australis,30,35,7,40
Phragmites communis,17,28,5,38
Emblica officinalis,20,29,14,35
Phyllocladus aspleniifolius,17,24,5,30
Physalis philadelphica,15,25,8,31
Phytolacca acinosa,12,18,5,28
Picea abies,5,15,3,25
Picea morida,15,25,2,32
Pimenta racemosa,22,28,18,32
Pimpinella anisum,18,26,5,30
Pinus ayacahuite,17,24,9,28
Pinus ayachuite var. Br.,10,20,5,28
Pinus brutia,20,35,6,39
Pinus canariensis,19,29,9,33
Pinus caribaea ssp. bahamensis,26,32,16,37
Pinus caribaea ssp. caribaea,26,34,16,38
Pinus caribaea ssp. hondurensis,27,34,15,37
Pinus chiapensis,23,28,14,32
Pinus douglasiana,15,25,8,32
Pinus durangensis,12,18,5,28
Pinus excelsa,18,28,4,39
Pinus gerardiana,15,25,4,38
Pinus greggii,16,24,8,28
Pinus halepensis,18,34,6,38
Pinus hartwegii,10,18,5,25
Pinus kesiya,22,30,12,34
Pinus michoacana var. cornuta,17,28,10,36
Pinus montezumae,16,24,8,28
Pinus mugo,5,18,3,25
Pinus occidentalis,24,32,13,36
Pinus oocarpa var. ochoterenai,15,26,10,32
Pinus pinea,18,32,8,38
Pinus pseudostrobus var. oaxacana,15,24,10,32
Pinus roxburghii,20,30,8,35
Pinus rudis,10,18,5,28
Pinus strobus var. chiapensis,18,30,12,38
Pinus sylvestris,14,23,2,35
Pinus sylvestris var. mongolica,15,25,5,40
Pinus tabulaeformis,15,35,5,45
Pinus tenuifolia,17,28,10,36
Pinus teocote,14,26,8,34
Pistacia lentiscus,18,24,12,40
Pithecellobium dulce,20,30,12,40
Pittosporum resiniferum,18,28,0,0
Platanus orientalis,12,30,9,38
Plectranthus esculentus,15,28,10,36
Poa annua,12,22,2,33
Poa bulbosa,13,22,3,28
Poa compressa,20,32,5,38
Poa fendleriana,13,17,9,24
Poa pratensis,15,27,5,37
Poa sinaica,15,35,5,45
Poa trivialis,10,24,2,28
Podocarpus elatus,18,30,8,34
Poeciloneuron indicum,30,37,13,42
Polyalthia fragrans,30,35,13,42
Polymnia sonchifolia,12,22,5,30
Populus euphratica,20,40,10,52
Populus simonii,15,25,5,40
Portulaca quadrifida L.,22,32,16,36
Pouteria lucuma,21,27,11,36
Pouteria sapota,24,30,15,36
Prosopis africana,22,35,18,40
Prosopis chilensis,22,30,12,45
Prosopis cineraria,28,45,6,50
Prosopis juliflora,22,35,14,45
Prosopis pallida,22,28,19,32
Prosopis spicigera,25,35,5,50
Prosopis tamarugo,18,32,8,36
Prosopis velutina,23,28,19,34
Prunus avium,18,28,6,40
Prunus capuli,10,22,8,30
Prunus cerasus,15,25,4,30
Prunus mume,18,34,6,38
Prunus salicina,18,34,6,38
Psathyrostachys juncea,9,22,2,28
Psidium friedrichsthalianum,22,28,16,31
Psoralea patens,20,28,5,35
Pterocarpus angolensis,15,32,12,38
Pterocarpus dalbergioides,22,32,15,37
Pterocarpus erinaceus,22,32,15,36
Pterocarpus lucens,15,32,12,40
Pterocarpus macrocarpus,24,34,8,44
Pterocarpus marsupium,22,32,4,47
Pterocarpus santalinus,26,32,7,46
Puccinellia tenuiflora,16,26,6,35
Pyrus pyrifolia,17,25,7,40
Quercus agrifolia,10,30,5,35
Quercus alba,12,28,7,32
Quercus bicolor,15,28,10,40
Quercus dilatata,15,25,2,32
Quercus ilex,14,32,4,36
Quercus incana,15,25,2,38
Quercus lamellosa,15,25,4,32
Quercus lanuginosa,15,25,2,32
Quercus lineata,15,25,4,32
Quercus robur,10,18,5,41
Quercus semecarpifolia,12,22,2,30
Quercus suber,14,32,5,42
Quercus virginiana,18,32,7,38
Raphanus caudatus,12,26,10,37
Raphia hookeri,24,30,14,36
Rauvolfia serpentina,22,30,4,35
Rhamnus prinoides,14,22,8,32
Rhynchosia minima,22,34,15,42
Ribes hirtellum,10,22,5,25
Ribes nigrum,17,25,5,30
Ribes rubrum,10,22,5,25
Ribes sativum,13,23,5,27
Ribes uva-crispa,15,25,3,40
Ricinodendron heudelotii,20,30,14,34
Ricinodendron rautanenii,18,30,10,40
Robinia pseudoacacia,15,32,6,40
Roseodendron donnell-smithii,23,31,17,35
Rosmarinus officinalis,18,30,8,38
Rubus occidentalis,14,20,5,26
Rubus occidentalis x idaeus,15,20,5,28
Rumex crispus,14,18,8,28
Rumex obtusifolius,14,18,6,23
Ruta graveolens var. bracteosa,17,26,4,30
Saccharum barberi,20,32,12,38
Saccharum sinense,20,32,12,38
Sageraea elliptica,22,30,18,35
Sagittaria sagittifolia,16,24,12,28
Salacca wallichiana,22,32,18,38
Salacca zalacca,22,30,12,36
Salicornia bigelovii,10,25,5,30
Salix babylonica var. sacramenta,21,26,10,30
Salix flavida,15,25,5,40
Salvadora persica,15,30,12,42
Salvia sclarea,17,30,8,35
Sambucus canadensis,15,20,5,25
Sambucus cerulea,15,20,7,26
Sanguisorba minor,13,22,4,26
Sansevieria guineensis,20,30,15,36
Santalum acuminatum,18,25,5,40
Santalum album,22,30,10,38
Santalum spicatum,32,38,7,45
Sapindus emarginatus,32,40,10,47
Sapium sebiferum,20,28,10,32
Satureja hortensis,20,26,14,30
Satureja montana,13,30,6,40
Sauropus androgynus,26,35,5,38
Schinus molle,20,28,5,32
Schizolobium parahybum,20,26,9,30
Schizomeria ovata,16,28,5,34
Schleichera oleosa,30,42,10,47
Scirpus lacustris,14,22,8,30
Sclerocarya caffra,25,30,20,35
Secale montanum,13,19,2,26
Sehima nervosum,22,28,10,35
Serenoa repens,15,25,10,35
Sesbania bispinosa,18,30,10,34
Sesbania cannabia,18,26,12,32
Sesbania exaltata,18,28,10,32
Sesbania formosa,22,38,14,45
Sesbania macrantha var. levis,22,28,12,32
Sesbania macrantha var. macrantha,18,28,8,32
Sesbania pachycarpa,18,26,12,32
Sesbania sesban,18,28,10,45
Setaria italica,16,26,5,35
Setaria sphacelata cv. Kazungula,22,28,8,32
Setaria sphacelata cv. Nandi,20,25,6,30
Setaria sphacelata cv. Narok,20,25,4,30
Shorea assamica,22,28,10,32
Shorea robusta,28,34,7,47
Shorea talura,27,35,12,45
Shorea tumbuggaia,25,35,13,43
Silybum marianum,22,35,18,40
Simarouba glauca,22,29,18,34
Simmondsia chinensis,21,36,10,50
Sinapis alba,10,25,5,30
Sloanea woollsii,18,28,8,34
Solanum aethiopicum,20,30,10,40
Solanum ferox,24,30,10,35
Solanum hyporhodium,18,26,10,30
Solanum incanum,20,26,10,30
Solanum oleraceum,18,26,8,38
Solanum macrocarpon,20,26,10,32
Solanum x juzepczukii,6,14,3,18
Solenostemon rotundifolius,17,27,8,36
Sonneratia apetala,20,30,10,35
Sorbus domestica,12,25,8,32
Sorghum x drummondii,21,33,12,38
Soymida febrifuga,32,40,10,47
Spartium junceum,15,22,5,28
Sphenostylis stenocarpa,23,29,15,35
Spodiopogon sibiricus,8,25,3,40
Spondias purpurea,22,28,13,35
Sporobolus airoides,17,25,3,31
Stachys affinis,17,23,10,27
Stephegyne parvifolia,20,35,5,47
Sterculia campanulata,26,32,17,36
Sterculia urens,30,42,7,47
Sterculia villosa,30,42,7,47
Stereospermum suaveolens,24,32,5,47
Stevia rebaudiana,18,30,15,43
Stipa barbata,20,25,5,30
Stipa lagascae,20,25,5,30
Stipa parviflora,20,25,5,30
Stipa tenacissima,15,25,3,35
Stripa baicalensis,8,27,3,38
Stripa breviflora,18,30,5,36
Stripa capillata,18,26,5,40
Stripa glareosa,12,30,5,36
Stripa gobica,12,22,5,30
Stripa grandis,17,28,5,38
Stripa Krylovii,8,15,3,36
Strychnos cocculoides,16,28,12,40
Strychnos innocua,19,31,15,36
Strychnos spinosa,20,28,15,32
Stylosanthes capitata,22,30,15,35
Stylosanthes erecta,23,30,15,36
Stylosanthes fruticosa,25,30,5,35
Stylosanthes guianensis var. guianensis,18,28,15,34
Stylosanthes guianensis var. intermedia,15,28,5,43
Stylosanthes humilis,25,32,15,36
Stylosanthes macrocephala,22,30,15,35
Stylosanthes scabra,20,30,10,35
Syncarpia glomulifera,18,28,8,36
Syncarpia hillii,20,30,10,35
Syzygium cordatum,15,25,10,35
Syzygium guineense,15,30,10,38
Tamarix aphylla,27,40,8,50
Tamarix chinensis,20,38,5,50
Taraxacum officinale,14,22,5,26
Tarchonanthus camphoratus,17,33,8,38
Telfairia occidentalis,21,30,19,38
Telfairia pedata,23,28,14,38
Teramnus labialis,17,27,10,36
Terminalia arjuna,20,33,5,47
Terminalia arostrata,22,38,12,45
Terminalia chebula,22,35,5,47
Terminalia ivorensis,24,30,20,34
Terminalia myriocarpa,22,32,7,39
Terminalia paniculata,22,30,13,39
Terminalia sericocarpa,22,38,12,45
Terminalia tomentosa,22,35,5,48
Terminalia volucris,22,38,12,44
Tetragonia tetragonioides,19,28,10,36
Tetrapleura tetraptera,25,30,20,35
Thaumatococcus daniellii,21,30,15,35
Themeda quadrivalis,22,28,15,35
Theobroma bicolor,22,28,10,35
Theobroma grandiflorum,22,32,10,40
Thymus serpyllum,11,22,4,26
Thyrsostachys siamensis,20,29,15,34
Tilia cordata,12,22,5,28
Toona ciliata,18,34,8,48
Toona serrata,30,38,5,45
Trachyspermum ammi,16,24,10,30
Trewia nudiflora,25,37,12,42
Trifolium agrarium,14,18,4,29
Trifolium alexandrinum,16,27,3,35
Trifolium ambiguum,10,17,3,22
Trifolium arvense,9,16,4,20
Trifolium campestre,12,18,5,25
Trifolium cherlei,15,25,3,30
Trifolium dubium,12,18,5,25
Trifolium fragiferum,12,22,4,28
Trifolium hirtum,15,24,5,30
Trifolium hybridum,12,20,4,27
Trifolium incarnatum,13,22,4,28
Trifolium medium,8,16,4,20
Trifolium michelianum,20,25,10,30
Trifolium nigrescens,16,22,10,26
Trifolium pilulare,12,22,4,26
Trifolium resupinatum,13,22,3,26
Trifolium rueppellianum,12,26,5,30
Trifolium subterraneum,15,25,3,30
Trifolium tomentosum,12,22,4,26
Trifolium variegatum,14,19,6,25
Trifolium vesiculosum,15,21,8,26
Trigonella foenum-graecum,13,27,5,32
Triplochiton scleroxylon,24,30,18,36
Tripsacum andersonii,22,30,12,35
Tripsacum dactyloides,10,24,7,30
Tristania conferta,18,28,10,36
Triticum compactum,10,16,4,20
Triticum dicoccon,15,20,4,25
Triticum durum,17,25,6,30
Triticum spelta,10,17,4,24
Tylosema esculentum,22,30,16,50
Typha angustifolia,10,24,7,28
Typha domingensis,16,28,14,30
Typha latifolia,10,25,6,30
Uapaca kirkiana,18,24,12,32
Uncaria gambir,25,32,20,36
Urochloa mosambicensis,15,28,10,35
Urochloa oligotricha,25,32,15,36
Urochloa panicoides,25,40,15,45
Urtica dioica,12,22,8,28
Vaccinium angustifolium,13,20,4,30
Vaccinium corymbosum,18,30,7,42
Vaccinium macrocarpon,16,24,4,27
Vaccinium myrtillus,8,17,5,25
Vangueria infausta,17,28,12,36
Vangueria madagascariensis,17,29,12,34
Vateria indica,24,33,17,38
Ventilago viminalis,22,36,12,44
Vernonia amygdalina,20,26,16,35
Vicia benghalensis,18,24,8,30
Vicia monantha,10,18,4,26
Vicia narbonensis,10,24,4,32
Vicia pannonica,10,17,4,22
Vicia villosa ssp. dasycarpa,10,24,4,32
Vigna hosei,22,30,15,35
Vigna luteola,20,30,13,35
Vigna parkeri,12,27,8,35
Vigna subterranea,19,30,16,38
Vigna trilobata,22,31,18,35
Vigna unguiculata ssp. sesquipedalis,20,35,14,38
Vigna unguiculata ssp. unguiculata,20,35,10,40
Vigna vexillata,20,28,15,32
Vitellaria paradoxa,24,38,18,43
Vitex agnus-castus,12,22,8,35
Vitex doniana,14,28,10,36
Vitex keniensis,15,20,12,28
Vitex parviflora,22,28,12,34
Vitis labrusca,15,25,6,35
Vitis rotundifolia,18,32,10,40
Warburgia ugandensis,14,28,10,32
Withania somnifera,18,32,12,40
Wrightia tomentosa,22,32,5,45
Xanthosoma brasiliense,22,30,10,36
Xylia dolabriformis,24,36,8,45
Xylia xylocarpa,16,35,8,45
Xylocarpus granatum,22,30,10,40
Xylocarpus mekongensis,18,35,7,39
Xylocarpus moluccensis,20,35,7,40
Yucca elephantipes,18,32,6,38
Zea mays ssp. saccharata,16,24,12,38
Euchlaena mexicana,17,28,3,32
Zizania latifolia,22,32,14,35
Ziziphus mucronata,12,30,8,36
Zostera marina,15,25,10,32
Zoysia matrella,18,26,12,30
Asimina triloba,12,22,8,32
Abutilon theophrasti,14,25,10,30
Raphanus sativus var. radicula,12,25,3,30
Vigna oblongifolia,17,23,13,30
Vigna parkeri sp. maranguensis,17,21,12,28
Prunus africana,14,18,12,26
Setaria incrassata,16,30,12,36
Tipuana tipu,14,28,8,38
Chamaecytisus palmensis,16,24,12,30
Leucaena collinsii,22,30,16,36
Leucaena collinsii sp. collinsii,22,30,16,36
Leucaena pallida,16,24,12,30
Leucaena trichandra,17,22,12,28
Leucaena collinsii sp. zacapana,22,30,16,36
Leucaena salvadorensis,25,30,20,35
Acacia brevispica,20,30,14,35
Prosopis glandulosa,18,28,14,40
Acacia abyssinica,20,30,10,40
Acacia caffra,15,35,10,40
Acacia dudgeoni,22,32,14,40
Acacia haematoxylon,18,35,10,45
Agrostis stolonifera,9,22,4,45
Albizia amara,15,40,10,50
Alisma plantago-aquatica,8,18,6,24
Alysicarpus monilifer,17,28,12,34
Andrographis paniculata,20,30,14,38
Angelica atropurpurea,10,18,6,26
Apocynum cannabinum,12,22,6,30
Aponogeton distachyos,12,18,10,24
Asclepias incarnata,15,25,10,35
Asclepias speciosa,12,24,8,30
Bothriochloa ischaemum,15,25,6,30
Caragana arborescens,14,28,10,36
Desmodium dichotomum,24,34,20,38
Erythroxylum coca,17,23,14,27
Eucalyptus globulus,18,23,6,30
Eugenia jambos,18,38,5,40
Festuca ovina,10,22,2,26
Hylocereus undatus,18,28,12,34
Mentha rotundifolia,10,25,4,30
Ornithopus compressus,15,20,11,24
Panicum trichocladum,16,28,10,36
Paspalum atratum,22,27,16,33
Peltophorum africanum,20,32,16,38
Petasites hybridus,12,17,5,24
Pontederia cordata,14,24,10,30
Populus deltoides,14,30,8,34
Prunus domestica,18,33,6,36
Quercus chrysolepis,20,25,10,32
Quercus dumosa,14,28,8,34
Samolus valerandi,16,24,12,32
Sparganium erectum,12,24,8,28
Taxodium distichum,20,30,8,34
Trapa natans,15,25,10,35
Valeriana officinalis,15,24,5,32
Vicia ervilia,12,22,5,28
Ziziphus mauritiana,25,42,7,50
Persea americana ssp. mexican,14,22,10,28
Persea americana ssp. guatemalan,15,24,12,30
Persea americana ssp. west indian,15,26,12,34
Glycine wightii,20,30,13,32
Eucalyptus camaldulensis; northern provenance,25,35,10,50
Pinus merkusii; island provenances,23,30,19,34
Ipomoea aquatica var. reptans,15,35,10,40
Vigna unguiculata ssp. biflora,20,35,10,34
Casuarina cristata ssp. pauper,27,37,10,42
Elaeocarpus grandis,18,28,8,38
Argyrodendron actinophyllum ssp. diversifoliu,20,30,10,36
Pinus michoacana var. turmida,18,28,8,36
Gelidiella acerosa,20,28,12,36
Eusideroxylon zwageri,20,30,10,38
Mimosa scabrella,16,27,10,34
Chenopodium album,12,18,3,31
Acacia decurrens,12,25,6,30
Ludwigia adscendens,15,25,8,30
Marsilea quadrifolia,20,28,14,32
Ruta graveolens,17,26,4,30
Zornia latifolia,18,28,13,34
Phytolacca dioica,18,32,12,38
Brachylaena huillensis,15,25,10,35
Podocarpus falcatus,13,20,8,35
Acanthosicyos horridus,15,30,10,40
Borassus aethiopum,20,35,15,45
Rhigozum trichotomum,15,35,10,45
Chlorophytum comosum,12,24,8,30
Ficus thonningii,22,28,16,36
Girardinia diversifolia,12,18,8,28
Faurea saligna,20,28,16,35
Protea caffra ssp. caffra,15,25,10,30
Albizia harveyi,18,28,15,30
Burkea africana,14,36,8,44
Baikiaea plurijuga,25,38,20,43
Bolusanthus speciosus,17,27,14,34
Sesbania rostrata,15,30,10,35
Dalbergia melanoxylon,20,35,16,40
Erythrina caffra,16,28,12,35
Macrotyloma daltonii,22,28,16,34
Calodendrum capense,20,30,15,45
Ekebergia capensis,18,26,12,38
Securidaca longependunculata,20,30,16,36
Sapium ellipticum,20,27,16,33
Sclerocarya birrea ssp. caffra,20,40,14,45
Warburgia salutaris,15,25,10,35
Terminalia prunioides,20,35,15,40
Beta vulgaris var. saccharifera,15,25,7,30
Sorghum bicolor,22,35,8,40
Stipagrostis amabilis,20,40,10,45
Fagus sylvatica,10,20,6,35
Axonopus fissifolius,17,32,13,36
Chamaecrista nictitans,20,25,15,30
Paraserianthes falcataria,20,30,15,35
Orbignya phalerata,20,30,15,40
Acacia cana,14,30,10,35
Acacia doratoxylon,22,23,16,38
Alnus maritima,8,20,13,26
Euonymus japonicus,12,20,4,28
Indigofera schimperi,17,26,12,32
Melilotus albus,12,28,8,32
Phaseolus bracteatus,15,25,10,35
Teramnus uncinatus,24,30,18,36
Raphanus sativus var. oleiferus,12,25,5,30
Pausinystalia yohimbe,22,28,18,35
